Workbook

Sheet SETTINGS
A1: PENGATURAN & KONFIGURASI
A2: Ubah daftar di bawah ini untuk menyesuaikan seluruh template (dropdown otomatis ikut).
A3: KATEGORI PENGELUARAN | C3: SUMBER PEMASUKAN | E3: REKENING BANK | G3: TIPE TRANSAKSI | I3: BULAN | J3: NO
A4: Kebutuhan Pokok | C4: Gaji Utama | E4: Rekening Utama | G4: Pemasukan | I4: Jan | J4: 1
A5: Makanan & Minuman | C5: Gaji Tambahan | E5: Rekening Tabungan | G5: Pengeluaran | I5: Feb | J5: 2
A6: Transportasi | C6: Bonus | E6: E-Wallet | I6: Mar | J6: 3
A7: Kesehatan | C7: Investasi Return | E7: Tunai | I7: Apr | J7: 4
A8: Hiburan | C8: Lainnya | E8: Rekening 5 | I8: Mei | J8: 5
A9: Pendidikan | E9: Rekening 6 | I9: Jun | J9: 6
A10: Utilitas & Listrik | I10: Jul | J10: 7
A11: Cicilan | I11: Agu | J11: 8
A12: Belanja Pribadi | I12: Sep | J12: 9
A13: Sosial & Amal | I13: Okt | J13: 10
A14: Lainnya | I14: Nov | J14: 11
I15: Des | J15: 12

Sheet BUDGETING TAHUNAN
A1: RENCANA BUDGETING TAHUNAN
A2: Isi rencana anggaran per kategori untuk tiap bulan (kolom kuning).
A3: Kategori | B3: Jan | C3: Feb | D3: Mar | E3: Apr | F3: Mei | G3: Jun | H3: Jul | I3: Agu | J3: Sep | K3: Okt | L3: Nov | M3: Des
A4: Kebutuhan Pokok | B4: 0 | C4: 0 | D4: 0 | E4: 0 | F4: 0 | G4: 0 | H4: 0 | I4: 0 | J4: 0 | K4: 0 | L4: 0 | M4: 0
A5: Makanan & Minuman | B5: 0 | C5: 0 | D5: 0 | E5: 0 | F5: 0 | G5: 0 | H5: 0 | I5: 0 | J5: 0 | K5: 0 | L5: 0 | M5: 0
A6: Transportasi | B6: 0 | C6: 0 | D6: 0 | E6: 0 | F6: 0 | G6: 0 | H6: 0 | I6: 0 | J6: 0 | K6: 0 | L6: 0 | M6: 0
A7: Kesehatan | B7: 0 | C7: 0 | D7: 0 | E7: 0 | F7: 0 | G7: 0 | H7: 0 | I7: 0 | J7: 0 | K7: 0 | L7: 0 | M7: 0
A8: Hiburan | B8: 0 | C8: 0 | D8: 0 | E8: 0 | F8: 0 | G8: 0 | H8: 0 | I8: 0 | J8: 0 | K8: 0 | L8: 0 | M8: 0
A9: Pendidikan | B9: 0 | C9: 0 | D9: 0 | E9: 0 | F9: 0 | G9: 0 | H9: 0 | I9: 0 | J9: 0 | K9: 0 | L9: 0 | M9: 0
A10: Utilitas & Listrik | B10: 0 | C10: 0 | D10: 0 | E10: 0 | F10: 0 | G10: 0 | H10: 0 | I10: 0 | J10: 0 | K10: 0 | L10: 0 | M10: 0
A11: Cicilan | B11: 0 | C11: 0 | D11: 0 | E11: 0 | F11: 0 | G11: 0 | H11: 0 | I11: 0 | J11: 0 | K11: 0 | L11: 0 | M11: 0
A12: Belanja Pribadi | B12: 0 | C12: 0 | D12: 0 | E12: 0 | F12: 0 | G12: 0 | H12: 0 | I12: 0 | J12: 0 | K12: 0 | L12: 0 | M12: 0
A13: Sosial & Amal | B13: 0 | C13: 0 | D13: 0 | E13: 0 | F13: 0 | G13: 0 | H13: 0 | I13: 0 | J13: 0 | K13: 0 | L13: 0 | M13: 0
A14: Lainnya | B14: 0 | C14: 0 | D14: 0 | E14: 0 | F14: 0 | G14: 0 | H14: 0 | I14: 0 | J14: 0 | K14: 0 | L14: 0 | M14: 0
A15: TOTAL PENGELUARAN | B15: =SUM(B4:B14) -> 0 | C15: =SUM(C4:C14) -> 0 | D15: =SUM(D4:D14) -> 0 | E15: =SUM(E4:E14) -> 0 | F15: =SUM(F4:F14) -> 0 | G15: =SUM(G4:G14) -> 0 | H15: =SUM(H4:H14) -> 0 | I15: =SUM(I4:I14) -> 0 | ... M15: =SUM(M4:M14) -> 0
A16: TARGET TABUNGAN | B16: 0 | C16: 0 | D16: 0 | E16: 0 | F16: 0 | G16: 0 | H16: 0 | I16: 0 | J16: 0 | K16: 0 | L16: 0 | M16: 0
A17: RENCANA PEMASUKAN | B17: 0 | C17: 0 | D17: 0 | E17: 0 | F17: 0 | G17: 0 | H17: 0 | I17: 0 | J17: 0 | K17: 0 | L17: 0 | M17: 0

Sheet CATATAN PENGELUARAN
A1: CATATAN TRANSAKSI (PEMASUKAN & PENGELUARAN)
A2: Kolom H (Bulan) otomatis, jangan diedit. Kategori/Akun/Tipe pakai dropdown.
A3: Tanggal | B3: Tipe | C3: Kategori | D3: Keterangan | E3: Akun | F3: Jumlah | G3: Saldo Berjalan | H3: Bulan
G4: =IF(A4="","",N(G3)+IF(B4="Pemasukan",F4,-F4)) | H4: =IF(A4="","",MONTH(A4))
G5: =IF(A5="","",N(G4)+IF(B5="Pemasukan",F5,-F5)) | H5: =IF(A5="","",MONTH(A5))
G6: =IF(A6="","",N(G5)+IF(B6="Pemasukan",F6,-F6)) | H6: =IF(A6="","",MONTH(A6))
G7: =IF(A7="","",N(G6)+IF(B7="Pemasukan",F7,-F7)) | H7: =IF(A7="","",MONTH(A7))
G8: =IF(A8="","",N(G7)+IF(B8="Pemasukan",F8,-F8)) | H8: =IF(A8="","",MONTH(A8))
G9: =IF(A9="","",N(G8)+IF(B9="Pemasukan",F9,-F9)) | H9: =IF(A9="","",MONTH(A9))
G10: =IF(A10="","",N(G9)+IF(B10="Pemasukan",F10,-F10)) | H10: =IF(A10="","",MONTH(A10))
G11: =IF(A11="","",N(G10)+IF(B11="Pemasukan",F11,-F11)) | H11: =IF(A11="","",MONTH(A11))
G12: =IF(A12="","",N(G11)+IF(B12="Pemasukan",F12,-F12)) | H12: =IF(A12="","",MONTH(A12))
G13: =IF(A13="","",N(G12)+IF(B13="Pemasukan",F13,-F13)) | H13: =IF(A13="","",MONTH(A13))
G14: =IF(A14="","",N(G13)+IF(B14="Pemasukan",F14,-F14)) | H14: =IF(A14="","",MONTH(A14))
G15: =IF(A15="","",N(G14)+IF(B15="Pemasukan",F15,-F15)) | H15: =IF(A15="","",MONTH(A15))
... G153: =IF(A153="","",N(G152)+IF(B153="Pemasukan",F153,-F153)) | H153: =IF(A153="","",MONTH(A153))

Sheet RINGKASAN BUDGETING
A1: RINGKASAN: BUDGET vs REALISASI
A3: Pilih Bulan: | B3: Jan
A5: Kategori | B5: Budget | C5: Realisasi | D5: Sisa | E5: Persentase
A6: Kebutuhan Pokok | B6: =IFERROR(INDEX('BUDGETING TAHUNAN'!$B$4:$M$14,MATCH($A6,'BUDGETING TAHUNAN'!$A$4:$A$14,0),MATCH($B$3,'BUDGETING TAHUNAN'!$B$3:$M$3,0)),0) -> 0 | C6: =SUMIFS('CATATAN PENGELUARAN'!$F$4:$F$153,'CATATAN PENGELUARAN'!$C$4:$C$153,$A6,'CATATAN PENGELUARAN'!$H$4:$H$153,INDEX(SETTINGS!$J$4:$J$15,MATCH($B$3,SETTINGS!$I$4:$I$15,0)),'CATATAN PENGELUARAN'!$B$4:$B$153,"Pengeluaran") -> 0 | D6: =B6-C6 -> 0 | E6: =IFERROR(C6/B6,0) -> 0
A7: Makanan & Minuman | B7: =IFERROR(INDEX('BUDGETING TAHUNAN'!$B$4:$M$14,MATCH($A7,'BUDGETING TAHUNAN'!$A$4:$A$14,0),MATCH($B$3,'BUDGETING TAHUNAN'!$B$3:$M$3,0)),0) -> 0 | C7: =SUMIFS('CATATAN PENGELUARAN'!$F$4:$F$153,'CATATAN PENGELUARAN'!$C$4:$C$153,$A7,'CATATAN PENGELUARAN'!$H$4:$H$153,INDEX(SETTINGS!$J$4:$J$15,MATCH($B$3,SETTINGS!$I$4:$I$15,0)),'CATATAN PENGELUARAN'!$B$4:$B$153,"Pengeluaran") -> 0 | D7: =B7-C7 -> 0 | E7: =IFERROR(C7/B7,0) -> 0
A8: Transportasi | B8: =IFERROR(INDEX('BUDGETING TAHUNAN'!$B$4:$M$14,MATCH($A8,'BUDGETING TAHUNAN'!$A$4:$A$14,0),MATCH($B$3,'BUDGETING TAHUNAN'!$B$3:$M$3,0)),0) -> 0 | C8: =SUMIFS('CATATAN PENGELUARAN'!$F$4:$F$153,'CATATAN PENGELUARAN'!$C$4:$C$153,$A8,'CATATAN PENGELUARAN'!$H$4:$H$153,INDEX(SETTINGS!$J$4:$J$15,MATCH($B$3,SETTINGS!$I$4:$I$15,0)),'CATATAN PENGELUARAN'!$B$4:$B$153,"Pengeluaran") -> 0 | D8: =B8-C8 -> 0 | E8: =IFERROR(C8/B8,0) -> 0
A9: Kesehatan | B9: =IFERROR(INDEX('BUDGETING TAHUNAN'!$B$4:$M$14,MATCH($A9,'BUDGETING TAHUNAN'!$A$4:$A$14,0),MATCH($B$3,'BUDGETING TAHUNAN'!$B$3:$M$3,0)),0) -> 0 | C9: =SUMIFS('CATATAN PENGELUARAN'!$F$4:$F$153,'CATATAN PENGELUARAN'!$C$4:$C$153,$A9,'CATATAN PENGELUARAN'!$H$4:$H$153,INDEX(SETTINGS!$J$4:$J$15,MATCH($B$3,SETTINGS!$I$4:$I$15,0)),'CATATAN PENGELUARAN'!$B$4:$B$153,"Pengeluaran") -> 0 | D9: =B9-C9 -> 0 | E9: =IFERROR(C9/B9,0) -> 0
A10: Hiburan | B10: =IFERROR(INDEX('BUDGETING TAHUNAN'!$B$4:$M$14,MATCH($A10,'BUDGETING TAHUNAN'!$A$4:$A$14,0),MATCH($B$3,'BUDGETING TAHUNAN'!$B$3:$M$3,0)),0) -> 0 | C10: =SUMIFS('CATATAN PENGELUARAN'!$F$4:$F$153,'CATATAN PENGELUARAN'!$C$4:$C$153,$A10,'CATATAN PENGELUARAN'!$H$4:$H$153,INDEX(SETTINGS!$J$4:$J$15,MATCH($B$3,SETTINGS!$I$4:$I$15,0)),'CATATAN PENGELUARAN'!$B$4:$B$153,"Pengeluaran") -> 0 | D10: =B10-C10 -> 0 | E10: =IFERROR(C10/B10,0) -> 0
A11: Pendidikan | B11: =IFERROR(INDEX('BUDGETING TAHUNAN'!$B$4:$M$14,MATCH($A11,'BUDGETING TAHUNAN'!$A$4:$A$14,0),MATCH($B$3,'BUDGETING TAHUNAN'!$B$3:$M$3,0)),0) -> 0 | C11: =SUMIFS('CATATAN PENGELUARAN'!$F$4:$F$153,'CATATAN PENGELUARAN'!$C$4:$C$153,$A11,'CATATAN PENGELUARAN'!$H$4:$H$153,INDEX(SETTINGS!$J$4:$J$15,MATCH($B$3,SETTINGS!$I$4:$I$15,0)),'CATATAN PENGELUARAN'!$B$4:$B$153,"Pengeluaran") -> 0 | D11: =B11-C11 -> 0 | E11: =IFERROR(C11/B11,0) -> 0
A12: Utilitas & Listrik | B12: =IFERROR(INDEX('BUDGETING TAHUNAN'!$B$4:$M$14,MATCH($A12,'BUDGETING TAHUNAN'!$A$4:$A$14,0),MATCH($B$3,'BUDGETING TAHUNAN'!$B$3:$M$3,0)),0) -> 0 | C12: =SUMIFS('CATATAN PENGELUARAN'!$F$4:$F$153,'CATATAN PENGELUARAN'!$C$4:$C$153,$A12,'CATATAN PENGELUARAN'!$H$4:$H$153,INDEX(SETTINGS!$J$4:$J$15,MATCH($B$3,SETTINGS!$I$4:$I$15,0)),'CATATAN PENGELUARAN'!$B$4:$B$153,"Pengeluaran") -> 0 | D12: =B12-C12 -> 0 | E12: =IFERROR(C12/B12,0) -> 0
A13: Cicilan | B13: =IFERROR(INDEX('BUDGETING TAHUNAN'!$B$4:$M$14,MATCH($A13,'BUDGETING TAHUNAN'!$A$4:$A$14,0),MATCH($B$3,'BUDGETING TAHUNAN'!$B$3:$M$3,0)),0) -> 0 | C13: =SUMIFS('CATATAN PENGELUARAN'!$F$4:$F$153,'CATATAN PENGELUARAN'!$C$4:$C$153,$A13,'CATATAN PENGELUARAN'!$H$4:$H$153,INDEX(SETTINGS!$J$4:$J$15,MATCH($B$3,SETTINGS!$I$4:$I$15,0)),'CATATAN PENGELUARAN'!$B$4:$B$153,"Pengeluaran") -> 0 | D13: =B13-C13 -> 0 | E13: =IFERROR(C13/B13,0) -> 0
A14: Belanja Pribadi | B14: =IFERROR(INDEX('BUDGETING TAHUNAN'!$B$4:$M$14,MATCH($A14,'BUDGETING TAHUNAN'!$A$4:$A$14,0),MATCH($B$3,'BUDGETING TAHUNAN'!$B$3:$M$3,0)),0) -> 0 | C14: =SUMIFS('CATATAN PENGELUARAN'!$F$4:$F$153,'CATATAN PENGELUARAN'!$C$4:$C$153,$A14,'CATATAN PENGELUARAN'!$H$4:$H$153,INDEX(SETTINGS!$J$4:$J$15,MATCH($B$3,SETTINGS!$I$4:$I$15,0)),'CATATAN PENGELUARAN'!$B$4:$B$153,"Pengeluaran") -> 0 | D14: =B14-C14 -> 0 | E14: =IFERROR(C14/B14,0) -> 0
A15: Sosial & Amal | B15: =IFERROR(INDEX('BUDGETING TAHUNAN'!$B$4:$M$14,MATCH($A15,'BUDGETING TAHUNAN'!$A$4:$A$14,0),MATCH($B$3,'BUDGETING TAHUNAN'!$B$3:$M$3,0)),0) -> 0 | C15: =SUMIFS('CATATAN PENGELUARAN'!$F$4:$F$153,'CATATAN PENGELUARAN'!$C$4:$C$153,$A15,'CATATAN PENGELUARAN'!$H$4:$H$153,INDEX(SETTINGS!$J$4:$J$15,MATCH($B$3,SETTINGS!$I$4:$I$15,0)),'CATATAN PENGELUARAN'!$B$4:$B$153,"Pengeluaran") -> 0 | D15: =B15-C15 -> 0 | E15: =IFERROR(C15/B15,0) -> 0
A16: Lainnya | B16: =IFERROR(INDEX('BUDGETING TAHUNAN'!$B$4:$M$14,MATCH($A16,'BUDGETING TAHUNAN'!$A$4:$A$14,0),MATCH($B$3,'BUDGETING TAHUNAN'!$B$3:$M$3,0)),0) -> 0 | C16: =SUMIFS('CATATAN PENGELUARAN'!$F$4:$F$153,'CATATAN PENGELUARAN'!$C$4:$C$153,$A16,'CATATAN PENGELUARAN'!$H$4:$H$153,INDEX(SETTINGS!$J$4:$J$15,MATCH($B$3,SETTINGS!$I$4:$I$15,0)),'CATATAN PENGELUARAN'!$B$4:$B$153,"Pengeluaran") -> 0 | D16: =B16-C16 -> 0 | E16: =IFERROR(C16/B16,0) -> 0
A17: TOTAL | B17: =SUM(B6:B16) -> 0 | C17: =SUM(C6:C16) -> 0 | D17: =B17-C17 -> 0 | E17: =IFERROR(C17/B17,0) -> 0

Sheet TRACKER ASET
A1: PENCATATAN ASET
A3: ASET LIKUID (Mudah Dicairkan)
A4: Jenis Aset | B4: Nilai Saat Ini | C4: Target | D4: Progress | E4: Tanggal Update | F4: Catatan
A5: Tabungan Bank | B5: 0 | C5: 0 | D5: =IFERROR(B5/C5,0) -> 0
A6: E-Wallet | B6: 0 | C6: 0 | D6: =IFERROR(B6/C6,0) -> 0
A7: Uang Tunai | B7: 0 | C7: 0 | D7: =IFERROR(B7/C7,0) -> 0
A9: ASET NON-LIKUID (Investasi)
A10: Jenis Aset | B10: Nilai Saat Ini | C10: Target | D10: Progress | E10: Tanggal Update | F10: Catatan
A11: Emas | B11: 0 | C11: 0 | D11: =IFERROR(B11/C11,0) -> 0
A12: Saham | B12: 0 | C12: 0 | D12: =IFERROR(B12/C12,0) -> 0
A13: Crypto | B13: 0 | C13: 0 | D13: =IFERROR(B13/C13,0) -> 0
A14: Deposito | B14: 0 | C14: 0 | D14: =IFERROR(B14/C14,0) -> 0
A15: Reksa Dana | B15: 0 | C15: 0 | D15: =IFERROR(B15/C15,0) -> 0
A17: TOTAL ASET KESELURUHAN | B17: =SUM(Aset_Likuid)+SUM(Aset_NonLikuid) -> 0

Sheet DASHBOARD LAPORAN
A1: DASHBOARD LAPORAN KEUANGAN PRIBADI
A3: Pilih Bulan: | B3: Jan | C3: =INDEX(SETTINGS!$J$4:$J$15,MATCH($B$3,SETTINGS!$I$4:$I$15,0)) -> 1
A5: PEMASUKAN | C5: PENGELUARAN | E5: TABUNGAN | G5: SISA BUDGET
A6: =SUMIFS('CATATAN PENGELUARAN'!$F$4:$F$153,'CATATAN PENGELUARAN'!$B$4:$B$153,"Pemasukan",'CATATAN PENGELUARAN'!$H$4:$H$153,$C$3) -> 0 | C6: =SUMIFS('CATATAN PENGELUARAN'!$F$4:$F$153,'CATATAN PENGELUARAN'!$B$4:$B$153,"Pengeluaran",'CATATAN PENGELUARAN'!$H$4:$H$153,$C$3) -> 0 | E6: =A6-C6 -> 0 | G6: =IFERROR(INDEX('BUDGETING TAHUNAN'!$B$15:$M$15,1,MATCH($B$3,'BUDGETING TAHUNAN'!$B$3:$M$3,0)),0)-C6 -> 0
A9: PENGELUARAN PER KATEGORI (BULAN TERPILIH) | F9: TREND BULANAN (SETAHUN)
A10: Kategori | B10: Realisasi | F10: Bulan | G10: Pemasukan | H10: Pengeluaran
A11: Kebutuhan Pokok | B11: ='RINGKASAN BUDGETING'!C6 -> 0 | F11: Jan | G11: =SUMIFS('CATATAN PENGELUARAN'!$F$4:$F$153,'CATATAN PENGELUARAN'!$B$4:$B$153,"Pemasukan",'CATATAN PENGELUARAN'!$H$4:$H$153,1) -> 0 | H11: =SUMIFS('CATATAN PENGELUARAN'!$F$4:$F$153,'CATATAN PENGELUARAN'!$B$4:$B$153,"Pengeluaran",'CATATAN PENGELUARAN'!$H$4:$H$153,1) -> 0
A12: Makanan & Minuman | B12: ='RINGKASAN BUDGETING'!C7 -> 0 | F12: Feb | G12: =SUMIFS('CATATAN PENGELUARAN'!$F$4:$F$153,'CATATAN PENGELUARAN'!$B$4:$B$153,"Pemasukan",'CATATAN PENGELUARAN'!$H$4:$H$153,2) -> 0 | H12: =SUMIFS('CATATAN PENGELUARAN'!$F$4:$F$153,'CATATAN PENGELUARAN'!$B$4:$B$153,"Pengeluaran",'CATATAN PENGELUARAN'!$H$4:$H$153,2) -> 0
A13: Transportasi | B13: ='RINGKASAN BUDGETING'!C8 -> 0 | F13: Mar | G13: =SUMIFS('CATATAN PENGELUARAN'!$F$4:$F$153,'CATATAN PENGELUARAN'!$B$4:$B$153,"Pemasukan",'CATATAN PENGELUARAN'!$H$4:$H$153,3) -> 0 | H13: =SUMIFS('CATATAN PENGELUARAN'!$F$4:$F$153,'CATATAN PENGELUARAN'!$B$4:$B$153,"Pengeluaran",'CATATAN PENGELUARAN'!$H$4:$H$153,3) -> 0
A14: Kesehatan | B14: ='RINGKASAN BUDGETING'!C9 -> 0 | F14: Apr | G14: =SUMIFS('CATATAN PENGELUARAN'!$F$4:$F$153,'CATATAN PENGELUARAN'!$B$4:$B$153,"Pemasukan",'CATATAN PENGELUARAN'!$H$4:$H$153,4) -> 0 | H14: =SUMIFS('CATATAN PENGELUARAN'!$F$4:$F$153,'CATATAN PENGELUARAN'!$B$4:$B$153,"Pengeluaran",'CATATAN PENGELUARAN'!$H$4:$H$153,4) -> 0
A15: Hiburan | B15: ='RINGKASAN BUDGETING'!C10 -> 0 | F15: Mei | G15: =SUMIFS('CATATAN PENGELUARAN'!$F$4:$F$153,'CATATAN PENGELUARAN'!$B$4:$B$153,"Pemasukan",'CATATAN PENGELUARAN'!$H$4:$H$153,5) -> 0 | H15: =SUMIFS('CATATAN PENGELUARAN'!$F$4:$F$153,'CATATAN PENGELUARAN'!$B$4:$B$153,"Pengeluaran",'CATATAN PENGELUARAN'!$H$4:$H$153,5) -> 0
A16: Pendidikan | B16: ='RINGKASAN BUDGETING'!C11 -> 0 | F16: Jun | G16: =SUMIFS('CATATAN PENGELUARAN'!$F$4:$F$153,'CATATAN PENGELUARAN'!$B$4:$B$153,"Pemasukan",'CATATAN PENGELUARAN'!$H$4:$H$153,6) -> 0 | H16: =SUMIFS('CATATAN PENGELUARAN'!$F$4:$F$153,'CATATAN PENGELUARAN'!$B$4:$B$153,"Pengeluaran",'CATATAN PENGELUARAN'!$H$4:$H$153,6) -> 0
A17: Utilitas & Listrik | B17: ='RINGKASAN BUDGETING'!C12 -> 0 | F17: Jul | G17: =SUMIFS('CATATAN PENGELUARAN'!$F$4:$F$153,'CATATAN PENGELUARAN'!$B$4:$B$153,"Pemasukan",'CATATAN PENGELUARAN'!$H$4:$H$153,7) -> 0 | H17: =SUMIFS('CATATAN PENGELUARAN'!$F$4:$F$153,'CATATAN PENGELUARAN'!$B$4:$B$153,"Pengeluaran",'CATATAN PENGELUARAN'!$H$4:$H$153,7) -> 0
A18: Cicilan | B18: ='RINGKASAN BUDGETING'!C13 -> 0 | F18: Agu | G18: =SUMIFS('CATATAN PENGELUARAN'!$F$4:$F$153,'CATATAN PENGELUARAN'!$B$4:$B$153,"Pemasukan",'CATATAN PENGELUARAN'!$H$4:$H$153,8) -> 0 | H18: =SUMIFS('CATATAN PENGELUARAN'!$F$4:$F$153,'CATATAN PENGELUARAN'!$B$4:$B$153,"Pengeluaran",'CATATAN PENGELUARAN'!$H$4:$H$153,8) -> 0
A19: Belanja Pribadi | B19: ='RINGKASAN BUDGETING'!C14 -> 0 | F19: Sep | G19: =SUMIFS('CATATAN PENGELUARAN'!$F$4:$F$153,'CATATAN PENGELUARAN'!$B$4:$B$153,"Pemasukan",'CATATAN PENGELUARAN'!$H$4:$H$153,9) -> 0 | H19: =SUMIFS('CATATAN PENGELUARAN'!$F$4:$F$153,'CATATAN PENGELUARAN'!$B$4:$B$153,"Pengeluaran",'CATATAN PENGELUARAN'!$H$4:$H$153,9) -> 0
A20: Sosial & Amal | B20: ='RINGKASAN BUDGETING'!C15 -> 0 | F20: Okt | G20: =SUMIFS('CATATAN PENGELUARAN'!$F$4:$F$153,'CATATAN PENGELUARAN'!$B$4:$B$153,"Pemasukan",'CATATAN PENGELUARAN'!$H$4:$H$153,10) -> 0 | H20: =SUMIFS('CATATAN PENGELUARAN'!$F$4:$F$153,'CATATAN PENGELUARAN'!$B$4:$B$153,"Pengeluaran",'CATATAN PENGELUARAN'!$H$4:$H$153,10) -> 0
A21: Lainnya | B21: ='RINGKASAN BUDGETING'!C16 -> 0 | F21: Nov | G21: =SUMIFS('CATATAN PENGELUARAN'!$F$4:$F$153,'CATATAN PENGELUARAN'!$B$4:$B$153,"Pemasukan",'CATATAN PENGELUARAN'!$H$4:$H$153,11) -> 0 | H21: =SUMIFS('CATATAN PENGELUARAN'!$F$4:$F$153,'CATATAN PENGELUARAN'!$B$4:$B$153,"Pengeluaran",'CATATAN PENGELUARAN'!$H$4:$H$153,11) -> 0
F22: Des | G22: =SUMIFS('CATATAN PENGELUARAN'!$F$4:$F$153,'CATATAN PENGELUARAN'!$B$4:$B$153,"Pemasukan",'CATATAN PENGELUARAN'!$H$4:$H$153,12) -> 0 | H22: =SUMIFS('CATATAN PENGELUARAN'!$F$4:$F$153,'CATATAN PENGELUARAN'!$B$4:$B$153,"Pengeluaran",'CATATAN PENGELUARAN'!$H$4:$H$153,12) -> 0

Sheet PANDUAN
A1: PANDUAN PENGGUNAAN TEMPLATE BUDGETING
A3: 1. SETTINGS
A4: Atur kategori, sumber pemasukan, rekening bank, dan tipe transaksi di sini. Semua dropdown di sheet lain menarik dari daftar ini - ubah di sini akan otomatis ter-update di semua sheet.
A6: 2. BUDGETING TAHUNAN
A7: Isi rencana anggaran per kategori untuk tiap bulan (kolom kuning). Baris Total, Target Tabungan, dan Rencana Pemasukan dihitung/isi di baris paling bawah.
A9: 3. CATATAN PENGELUARAN
A10: Catat SETIAP transaksi (pemasukan maupun pengeluaran) di sini: tanggal, tipe (dropdown), kategori (dropdown), keterangan, akun (dropdown), dan jumlah. Kolom Saldo Berjalan dan Bulan otomatis terhitung - jangan diedit manual.
A12: 4. RINGKASAN BUDGETING
A13: Pilih bulan di sel B3, lalu tabel otomatis membandingkan Budget vs Realisasi per kategori berdasarkan data di Catatan Pengeluaran. Baris berwarna merah = kategori sudah over budget.
A15: 5. TRACKER ASET
A16: Catat aset likuid (tabungan, e-wallet, tunai) dan non-likuid (emas, saham, crypto, dll). Kolom Progress otomatis menghitung capaian terhadap target.
A18: 6. DASHBOARD LAPORAN
... A22: Jangan hapus/pindah kolom H (Bulan) di Catatan Pengeluaran - kolom ini disembunyikan tapi dipakai formula. Saat menambah baris di Tracker Aset, sisipkan baris DI DALAM blok yang ada (bukan di atas/bawahnya) agar Total Aset tetap otomatis ikut.
